[
  {
    "studentID": {
              "id": "150121675"
            },
    "firstName": "Karlach",
    "lastName": "Cliffgate",
    "term": 5,
    "gpa": 1.97,
    "cgpa": 2.32,
    "creditReceived": 18,
    "creditEarned": 18,
    "passedCourses": [
      {
        "courseID": {
              "id": "CSE2225"
            },
            "courseName": "Data Structures",
            "courseCredit": 7.0,
            "courseLetterGrade": "BB",
            "prerequisiteCourse":[
              {
                "courseID": {
                  "id": "CSE1242"
                },
                "courseName": "Computer Programming II",
                "prerequisiteCourse": []
              }
            ]
      },
      {
        "courseID": {
                  "id": "CSE1242"
                },
                "courseName": "Computer Programming II",
                "courseCredit": 6.0,
                "courseLetterGrade": "BA",
                "prerequisiteCourse": []
      },
      {
        "courseID": {
                  "id": "STAT2253"
                },
                "courseName": "Probability and Statistics for Computer Engineering",
                "courseCredit": 5.0,
                "courseLetterGrade": "AA",
                "prerequisiteCourse": []
      }
    ],
    "failedCourses": []     
  }
]
