[
  {
    "studentID": {
        "id": "150121679"
      },
    "firstName": "Chloe",
    "lastName": "Price",
    "term": 5,
    "gpa": 3.22,
    "cgpa": 1.29,
    "creditReceived": 13,
    "creditEarned": 13,
    "passedCourses": [
        {
          "courseID": {
                "id": "CSE2225"
              },
              "courseName": "Data Structures",
              "courseCredit": 7.0,
              "courseLetterGrade": "CC",
              "prerequisiteCourse":[
                {
                  "courseID": {
                    "id": "CSE1242"
                  },
                  "courseName": "Computer Programming II",
                  "prerequisiteCourse": []
                }
              ]
        },
        {
          "courseID": {
                    "id": "CSE1242"
                  },
                  "courseName": "Computer Programming II",
                  "courseCredit": 6.0,
                  "courseLetterGrade": "CB",
                  "prerequisiteCourse": []
        }
      ],
      "failedCourses": [
        {
          "courseID": {
                    "id": "STAT2253"
                  },
                  "courseName": "Probability and Statistics for Computer Engineering",
                  "courseCredit": 5.0,
                  "courseLetterGrade": "FD",
                  "prerequisiteCourse": []
        }
      ]      
  }
]
