[
  {
    "studentID": {
        "id": "150121683"
      },
    "firstName": "Alyx",
    "lastName": "Vance",
    "term": 5,
    "gpa": 3.64,
    "cgpa": 3.19,
    "creditReceived": 18,
    "creditEarned": 18,
    "passedCourses": [
        {
          "courseID": {
                "id": "CSE2225"
              },
              "courseName": "Data Structures",
              "courseCredit": 7.0,
              "courseLetterGrade": "BA",
              "prerequisiteCourse":[
                {
                  "courseID": {
                    "id": "CSE1242"
                  },
                  "courseName": "Computer Programming II",
                  "prerequisiteCourse": []
                }
              ]
        },
        {
          "courseID": {
                    "id": "CSE1242"
                  },
                  "courseName": "Computer Programming II",
                  "courseCredit": 6.0,
                  "courseLetterGrade": "CB",
                  "prerequisiteCourse": []
        },
        {
          "courseID": {
                    "id": "STAT2253"
                  },
                  "courseName": "Probability and Statistics for Computer Engineering",
                  "courseCredit": 5.0,
                  "courseLetterGrade": "DD",
                  "prerequisiteCourse": []
        }
      ],
      "failedCourses": []      
  }
]
