[
  {
    "studentID": {
        "id": "150121678"
      },
    "firstName": "Alan",
    "lastName": "Wake",
    "term": 5,
    "gpa": 1.88,
    "cgpa": 2.61,
    "creditReceived": 5,
    "creditEarned": 5,
    "passedCourses": [
        {
          "courseID": {
                    "id": "STAT2253"
                  },
                  "courseName": "Probability and Statistics for Computer Engineering",
                  "courseCredit": 5.0,
                  "courseLetterGrade": "BB",
                  "prerequisiteCourse": []
        }
      ],
      "failedCourses": [
        {
          "courseID": {
                    "id": "CSE1242"
                  },
                  "courseName": "Computer Programming II",
                  "courseCredit": 6.0,
                  "courseLetterGrade": "FD",
                  "prerequisiteCourse": []
        },
        {
          "courseID": {
                "id": "CSE2225"
              },
              "courseName": "Data Structures",
              "courseCredit": 7.0,
              "courseLetterGrade": "FF",
              "prerequisiteCourse":[
                {
                  "courseID": {
                    "id": "CSE1242"
                  },
                  "courseName": "Computer Programming II",
                  "prerequisiteCourse": []
                }
              ]
        }
      ]     
  }
]
