[
  {
    "studentID": {
        "id": "150121682"
      },
    "firstName": "Wyll",
    "lastName": "Ravengard",
    "term": 5,
    "gpa": 2.45,
    "cgpa": 3.00,
    "creditReceived": 18,
    "creditEarned": 18,
    "passedCourses": [
        {
          "courseID": {
                "id": "CSE2225"
              },
              "courseName": "Data Structures",
                            "courseCredit": 7.0,
              "courseLetterGrade": "DC",
              "prerequisiteCourse":[
                {
                  "courseID": {
                    "id": "CSE1242"
                  },
                  "courseName": "Computer Programming II",
                  "prerequisiteCourse": []
                }
              ]
        },
        {
          "courseID": {
                    "id": "CSE1242"
                  },
                  "courseName": "Computer Programming II",
                  "courseCredit": 6.0,
                  "courseLetterGrade": "CC",
                  "prerequisiteCourse": []
        },
        {
          "courseID": {
                    "id": "STAT2253"
                  },
                  "courseName": "Probability and Statistics for Computer Engineering",
                  "courseCredit": 5.0,
                  "courseLetterGrade": "AA",
                  "prerequisiteCourse": []
        }
      ],
      "failedCourses": []     
  }
]
